timestamp,stockMarket,category,pair,price
2025-05-28T09:06:53.424Z,Bybit,option,BTC-27MAR26-70000-P-USDT,
2025-05-28T09:06:53.424Z,Bybit,option,BTC-27MAR26-70000-C-USDT,
2025-05-28T09:06:53.424Z,Bybit,option,BTC-27MAR26-40000-P-USDT,
2025-05-28T09:06:53.424Z,Bybit,option,BTC-27MAR26-40000-C-USDT,
2025-05-28T09:06:53.424Z,Bybit,option,BTC-27MAR26-350000-P-USDT,
2025-05-28T09:06:53.424Z,Bybit,option,BTC-27MAR26-350000-C-USDT,
2025-05-28T09:06:53.424Z,Bybit,option,BTC-27MAR26-300000-P-USDT,
2025-05-28T09:06:53.424Z,Bybit,option,BTC-27MAR26-300000-C-USDT,
2025-05-28T09:06:53.424Z,Bybit,option,BTC-27MAR26-250000-P-USDT,
2025-05-28T09:06:53.425Z,Bybit,option,BTC-27MAR26-250000-C-USDT,
2025-05-28T09:06:53.425Z,Bybit,option,BTC-27MAR26-200000-P-USDT,
2025-05-28T09:06:53.425Z,Bybit,option,BTC-27MAR26-200000-C-USDT,
2025-05-28T09:06:53.425Z,Bybit,option,BTC-27MAR26-160000-P-USDT,
2025-05-28T09:06:53.425Z,Bybit,option,BTC-27MAR26-160000-C-USDT,
2025-05-28T09:06:53.425Z,Bybit,option,BTC-27MAR26-140000-P-USDT,
2025-05-28T09:06:53.425Z,Bybit,option,BTC-27MAR26-140000-C-USDT,
2025-05-28T09:06:53.425Z,Bybit,option,BTC-27MAR26-120000-P-USDT,
2025-05-28T09:06:53.425Z,Bybit,option,BTC-27MAR26-120000-C-USDT,
2025-05-28T09:06:53.425Z,Bybit,option,BTC-27MAR26-110000-P-USDT,
2025-05-28T09:06:53.425Z,Bybit,option,BTC-27MAR26-110000-C-USDT,
2025-05-28T09:06:53.425Z,Bybit,option,BTC-27MAR26-100000-P-USDT,
2025-05-28T09:06:53.425Z,Bybit,option,BTC-27MAR26-100000-C-USDT,
2025-05-28T09:06:53.425Z,Bybit,option,BTC-27MAR26-90000-P-USDT,
2025-05-28T09:06:53.425Z,Bybit,option,BTC-27MAR26-90000-C-USDT,
2025-05-28T09:06:53.425Z,Bybit,option,BTC-27MAR26-80000-P-USDT,
2025-05-28T09:06:53.425Z,Bybit,option,BTC-27MAR26-80000-C-USDT,
2025-05-28T09:06:53.426Z,Bybit,option,BTC-27MAR26-60000-P-USDT,
2025-05-28T09:06:53.426Z,Bybit,option,BTC-27MAR26-60000-C-USDT,
2025-05-28T09:06:53.426Z,Bybit,option,BTC-27MAR26-50000-P-USDT,
2025-05-28T09:06:53.426Z,Bybit,option,BTC-27MAR26-50000-C-USDT,
2025-05-28T09:06:53.426Z,Bybit,option,BTC-26DEC25-125000-P-USDT,
2025-05-28T09:06:53.426Z,Bybit,option,BTC-26DEC25-125000-C-USDT,
2025-05-28T09:06:53.426Z,Bybit,option,BTC-26DEC25-115000-P-USDT,
2025-05-28T09:06:53.426Z,Bybit,option,BTC-26DEC25-115000-C-USDT,
2025-05-28T09:06:53.426Z,Bybit,option,BTC-26DEC25-105000-P-USDT,
2025-05-28T09:06:53.426Z,Bybit,option,BTC-26DEC25-105000-C-USDT,
2025-05-28T09:06:53.426Z,Bybit,option,BTC-26DEC25-95000-P-USDT,
2025-05-28T09:06:53.426Z,Bybit,option,BTC-26DEC25-95000-C-USDT,
2025-05-28T09:06:53.426Z,Bybit,option,BTC-26DEC25-160000-P-USDT,
2025-05-28T09:06:53.426Z,Bybit,option,BTC-26DEC25-160000-C-USDT,
2025-05-28T09:06:53.426Z,Bybit,option,BTC-26DEC25-140000-P,
2025-05-28T09:06:53.426Z,Bybit,option,BTC-26DEC25-140000-C,
2025-05-28T09:06:53.426Z,Bybit,option,BTC-26DEC25-75000-P-USDT,
2025-05-28T09:06:53.426Z,Bybit,option,BTC-26DEC25-75000-C-USDT,
2025-05-28T09:06:53.426Z,Bybit,option,BTC-26DEC25-60000-P,
2025-05-28T09:06:53.427Z,Bybit,option,BTC-26DEC25-60000-C,
2025-05-28T09:06:53.427Z,Bybit,option,BTC-26DEC25-180000-P-USDT,
2025-05-28T09:06:53.427Z,Bybit,option,BTC-26DEC25-180000-C-USDT,
2025-05-28T09:06:53.427Z,Bybit,option,BTC-26DEC25-170000-P-USDT,
2025-05-28T09:06:53.427Z,Bybit,option,BTC-26DEC25-170000-C-USDT,
2025-05-28T09:06:53.427Z,Bybit,option,BTC-26DEC25-150000-P-USDT,
2025-05-28T09:06:53.427Z,Bybit,option,BTC-26DEC25-150000-C-USDT,
2025-05-28T09:06:53.427Z,Bybit,option,BTC-26DEC25-120000-P-USDT,
2025-05-28T09:06:53.427Z,Bybit,option,BTC-26DEC25-120000-C-USDT,
2025-05-28T09:06:53.427Z,Bybit,option,BTC-26DEC25-85000-P-USDT,
2025-05-28T09:06:53.427Z,Bybit,option,BTC-26DEC25-85000-C-USDT,
2025-05-28T09:06:53.427Z,Bybit,option,BTC-26DEC25-70000-P-USDT,
2025-05-28T09:06:53.427Z,Bybit,option,BTC-26DEC25-70000-C-USDT,
2025-05-28T09:06:53.427Z,Bybit,option,BTC-26DEC25-40000-P-USDT,
2025-05-28T09:06:53.427Z,Bybit,option,BTC-26DEC25-40000-C-USDT,
2025-05-28T09:06:53.427Z,Bybit,option,BTC-26DEC25-350000-P-USDT,
2025-05-28T09:06:53.427Z,Bybit,option,BTC-26DEC25-350000-C-USDT,
2025-05-28T09:06:53.427Z,Bybit,option,BTC-26DEC25-300000-P-USDT,
2025-05-28T09:06:53.427Z,Bybit,option,BTC-26DEC25-300000-C-USDT,
2025-05-28T09:06:53.427Z,Bybit,option,BTC-26DEC25-250000-P-USDT,
2025-05-28T09:06:53.428Z,Bybit,option,BTC-26DEC25-250000-C-USDT,
2025-05-28T09:06:53.428Z,Bybit,option,BTC-26DEC25-200000-P-USDT,
2025-05-28T09:06:53.428Z,Bybit,option,BTC-26DEC25-200000-C-USDT,
2025-05-28T09:06:53.428Z,Bybit,option,BTC-26DEC25-190000-P-USDT,
2025-05-28T09:06:53.428Z,Bybit,option,BTC-26DEC25-190000-C-USDT,
2025-05-28T09:06:53.428Z,Bybit,option,BTC-26DEC25-140000-P-USDT,
2025-05-28T09:06:53.428Z,Bybit,option,BTC-26DEC25-140000-C-USDT,
2025-05-28T09:06:53.428Z,Bybit,option,BTC-26DEC25-130000-P-USDT,
2025-05-28T09:06:53.428Z,Bybit,option,BTC-26DEC25-130000-C-USDT,
2025-05-28T09:06:53.428Z,Bybit,option,BTC-26DEC25-110000-P-USDT,
2025-05-28T09:06:53.428Z,Bybit,option,BTC-26DEC25-110000-C-USDT,
2025-05-28T09:06:53.428Z,Bybit,option,BTC-26DEC25-100000-P-USDT,
2025-05-28T09:06:53.428Z,Bybit,option,BTC-26DEC25-100000-C-USDT,
2025-05-28T09:06:53.428Z,Bybit,option,BTC-26DEC25-90000-P-USDT,
2025-05-28T09:06:53.428Z,Bybit,option,BTC-26DEC25-90000-C-USDT,
2025-05-28T09:06:53.428Z,Bybit,option,BTC-26DEC25-80000-P-USDT,
2025-05-28T09:06:53.428Z,Bybit,option,BTC-26DEC25-80000-C-USDT,
2025-05-28T09:06:53.428Z,Bybit,option,BTC-26DEC25-60000-P-USDT,
2025-05-28T09:06:53.428Z,Bybit,option,BTC-26DEC25-60000-C-USDT,
2025-05-28T09:06:53.428Z,Bybit,option,BTC-26DEC25-50000-P-USDT,
2025-05-28T09:06:53.428Z,Bybit,option,BTC-26DEC25-50000-C-USDT,
2025-05-28T09:06:53.428Z,Bybit,option,BTC-26DEC25-90000-P,
2025-05-28T09:06:53.429Z,Bybit,option,BTC-26DEC25-90000-C,
2025-05-28T09:06:53.429Z,Bybit,option,BTC-26DEC25-70000-P,
2025-05-28T09:06:53.429Z,Bybit,option,BTC-26DEC25-70000-C,
2025-05-28T09:06:53.429Z,Bybit,option,BTC-26DEC25-350000-P,
2025-05-28T09:06:53.429Z,Bybit,option,BTC-26DEC25-350000-C,
2025-05-28T09:06:53.429Z,Bybit,option,BTC-26DEC25-300000-P,
2025-05-28T09:06:53.429Z,Bybit,option,BTC-26DEC25-300000-C,
2025-05-28T09:06:53.429Z,Bybit,option,BTC-26DEC25-250000-P,
2025-05-28T09:06:53.429Z,Bybit,option,BTC-26DEC25-250000-C,
2025-05-28T09:06:53.429Z,Bybit,option,BTC-26DEC25-200000-P,
2025-05-28T09:06:53.429Z,Bybit,option,BTC-26DEC25-200000-C,
2025-05-28T09:06:53.429Z,Bybit,option,BTC-26DEC25-180000-P,
2025-05-28T09:06:53.429Z,Bybit,option,BTC-26DEC25-180000-C,
2025-05-28T09:06:53.429Z,Bybit,option,BTC-26DEC25-170000-P,
2025-05-28T09:06:53.429Z,Bybit,option,BTC-26DEC25-170000-C,
2025-05-28T09:06:53.430Z,Bybit,option,BTC-26DEC25-150000-P,
2025-05-28T09:06:53.430Z,Bybit,option,BTC-26DEC25-150000-C,
2025-05-28T09:06:53.430Z,Bybit,option,BTC-26DEC25-130000-P,
2025-05-28T09:06:53.430Z,Bybit,option,BTC-26DEC25-130000-C,
2025-05-28T09:06:53.430Z,Bybit,option,BTC-26DEC25-120000-P,
2025-05-28T09:06:53.430Z,Bybit,option,BTC-26DEC25-120000-C,
2025-05-28T09:06:53.430Z,Bybit,option,BTC-26DEC25-110000-P,
2025-05-28T09:06:53.430Z,Bybit,option,BTC-26DEC25-110000-C,
2025-05-28T09:06:53.430Z,Bybit,option,BTC-26DEC25-100000-P,
2025-05-28T09:06:53.430Z,Bybit,option,BTC-26DEC25-100000-C,
2025-05-28T09:06:53.430Z,Bybit,option,BTC-26DEC25-80000-P,
2025-05-28T09:06:53.430Z,Bybit,option,BTC-26DEC25-80000-C,
2025-05-28T09:06:53.430Z,Bybit,option,BTC-26DEC25-50000-P,
2025-05-28T09:06:53.430Z,Bybit,option,BTC-26DEC25-50000-C,
2025-05-28T09:06:53.430Z,Bybit,option,BTC-26SEP25-124000-P,
2025-05-28T09:06:53.430Z,Bybit,option,BTC-26SEP25-124000-C,
2025-05-28T09:06:53.430Z,Bybit,option,BTC-26SEP25-125000-P-USDT,
2025-05-28T09:06:53.430Z,Bybit,option,BTC-26SEP25-125000-C-USDT,
2025-05-28T09:06:53.430Z,Bybit,option,BTC-26SEP25-115000-P-USDT,
2025-05-28T09:06:53.430Z,Bybit,option,BTC-26SEP25-115000-C-USDT,
2025-05-28T09:06:53.431Z,Bybit,option,BTC-26SEP25-114000-P,
2025-05-28T09:06:53.431Z,Bybit,option,BTC-26SEP25-114000-C,
2025-05-28T09:06:53.431Z,Bybit,option,BTC-26SEP25-75000-P-USDT,
2025-05-28T09:06:53.431Z,Bybit,option,BTC-26SEP25-75000-C-USDT,
2025-05-28T09:06:53.431Z,Bybit,option,BTC-26SEP25-350000-P-USDT,
2025-05-28T09:06:53.431Z,Bybit,option,BTC-26SEP25-350000-C-USDT,
2025-05-28T09:06:53.431Z,Bybit,option,BTC-26SEP25-300000-P-USDT,
2025-05-28T09:06:53.431Z,Bybit,option,BTC-26SEP25-300000-C-USDT,
2025-05-28T09:06:53.431Z,Bybit,option,BTC-26SEP25-250000-P-USDT,
2025-05-28T09:06:53.431Z,Bybit,option,BTC-26SEP25-250000-C-USDT,
2025-05-28T09:06:53.431Z,Bybit,option,BTC-26SEP25-140000-P-USDT,
2025-05-28T09:06:53.431Z,Bybit,option,BTC-26SEP25-140000-C-USDT,
2025-05-28T09:06:53.431Z,Bybit,option,BTC-26SEP25-120000-P-USDT,
2025-05-28T09:06:53.431Z,Bybit,option,BTC-26SEP25-120000-C-USDT,
2025-05-28T09:06:53.431Z,Bybit,option,BTC-26SEP25-110000-P-USDT,
2025-05-28T09:06:53.431Z,Bybit,option,BTC-26SEP25-110000-C-USDT,
2025-05-28T09:06:53.431Z,Bybit,option,BTC-26SEP25-105000-P-USDT,
2025-05-28T09:06:53.431Z,Bybit,option,BTC-26SEP25-105000-C-USDT,
2025-05-28T09:06:53.431Z,Bybit,option,BTC-26SEP25-95000-P-USDT,
2025-05-28T09:06:53.431Z,Bybit,option,BTC-26SEP25-95000-C-USDT,
2025-05-28T09:06:53.431Z,Bybit,option,BTC-26SEP25-90000-P-USDT,
2025-05-28T09:06:53.431Z,Bybit,option,BTC-26SEP25-90000-C-USDT,
2025-05-28T09:06:53.431Z,Bybit,option,BTC-26SEP25-85000-P-USDT,
2025-05-28T09:06:53.432Z,Bybit,option,BTC-26SEP25-85000-C-USDT,
2025-05-28T09:06:53.432Z,Bybit,option,BTC-26SEP25-86000-P-USDT,
2025-05-28T09:06:53.432Z,Bybit,option,BTC-26SEP25-86000-C-USDT,
2025-05-28T09:06:53.432Z,Bybit,option,BTC-26SEP25-82000-P-USDT,
2025-05-28T09:06:53.432Z,Bybit,option,BTC-26SEP25-82000-C-USDT,
2025-05-28T09:06:53.432Z,Bybit,option,BTC-26SEP25-50000-P-USDT,
2025-05-28T09:06:53.432Z,Bybit,option,BTC-26SEP25-50000-C-USDT,
2025-05-28T09:06:53.432Z,Bybit,option,BTC-26SEP25-220000-P-USDT,
2025-05-28T09:06:53.432Z,Bybit,option,BTC-26SEP25-220000-C-USDT,
2025-05-28T09:06:53.432Z,Bybit,option,BTC-26SEP25-200000-P-USDT,
2025-05-28T09:06:53.432Z,Bybit,option,BTC-26SEP25-200000-C-USDT,
2025-05-28T09:06:53.432Z,Bybit,option,BTC-26SEP25-180000-P-USDT,
2025-05-28T09:06:53.432Z,Bybit,option,BTC-26SEP25-180000-C-USDT,
2025-05-28T09:06:53.432Z,Bybit,option,BTC-26SEP25-160000-P-USDT,
2025-05-28T09:06:53.432Z,Bybit,option,BTC-26SEP25-160000-C-USDT,
2025-05-28T09:06:53.432Z,Bybit,option,BTC-26SEP25-150000-P-USDT,
2025-05-28T09:06:53.432Z,Bybit,option,BTC-26SEP25-150000-C-USDT,
2025-05-28T09:06:53.432Z,Bybit,option,BTC-26SEP25-130000-P-USDT,
2025-05-28T09:06:53.432Z,Bybit,option,BTC-26SEP25-130000-C-USDT,
2025-05-28T09:06:53.432Z,Bybit,option,BTC-26SEP25-124000-P-USDT,
2025-05-28T09:06:53.432Z,Bybit,option,BTC-26SEP25-124000-C-USDT,
2025-05-28T09:06:53.432Z,Bybit,option,BTC-26SEP25-114000-P-USDT,
2025-05-28T09:06:53.432Z,Bybit,option,BTC-26SEP25-114000-C-USDT,
2025-05-28T09:06:53.432Z,Bybit,option,BTC-26SEP25-104000-P-USDT,
2025-05-28T09:06:53.433Z,Bybit,option,BTC-26SEP25-104000-C-USDT,
2025-05-28T09:06:53.433Z,Bybit,option,BTC-26SEP25-100000-P-USDT,
2025-05-28T09:06:53.433Z,Bybit,option,BTC-26SEP25-100000-C-USDT,
2025-05-28T09:06:53.433Z,Bybit,option,BTC-26SEP25-96000-P-USDT,
2025-05-28T09:06:53.433Z,Bybit,option,BTC-26SEP25-96000-C-USDT,
2025-05-28T09:06:53.433Z,Bybit,option,BTC-26SEP25-92000-P-USDT,
2025-05-28T09:06:53.433Z,Bybit,option,BTC-26SEP25-92000-C-USDT,
2025-05-28T09:06:53.433Z,Bybit,option,BTC-26SEP25-88000-P-USDT,
2025-05-28T09:06:53.433Z,Bybit,option,BTC-26SEP25-88000-C-USDT,
2025-05-28T09:06:53.433Z,Bybit,option,BTC-26SEP25-84000-P-USDT,
2025-05-28T09:06:53.433Z,Bybit,option,BTC-26SEP25-84000-C-USDT,
2025-05-28T09:06:53.433Z,Bybit,option,BTC-26SEP25-80000-P-USDT,
2025-05-28T09:06:53.433Z,Bybit,option,BTC-26SEP25-80000-C-USDT,
2025-05-28T09:06:53.433Z,Bybit,option,BTC-26SEP25-70000-P-USDT,
2025-05-28T09:06:53.433Z,Bybit,option,BTC-26SEP25-70000-C-USDT,
2025-05-28T09:06:53.433Z,Bybit,option,BTC-26SEP25-60000-P-USDT,
2025-05-28T09:06:53.433Z,Bybit,option,BTC-26SEP25-60000-C-USDT,
2025-05-28T09:06:53.433Z,Bybit,option,BTC-26SEP25-40000-P-USDT,
2025-05-28T09:06:53.433Z,Bybit,option,BTC-26SEP25-40000-C-USDT,
2025-05-28T09:06:53.433Z,Bybit,option,BTC-26SEP25-20000-P-USDT,
2025-05-28T09:06:53.433Z,Bybit,option,BTC-26SEP25-20000-C-USDT,
2025-05-28T09:06:53.433Z,Bybit,option,BTC-26SEP25-50000-P,
2025-05-28T09:06:53.433Z,Bybit,option,BTC-26SEP25-50000-C,
2025-05-28T09:06:53.433Z,Bybit,option,BTC-26SEP25-105000-P,
2025-05-28T09:06:53.433Z,Bybit,option,BTC-26SEP25-105000-C,
2025-05-28T09:06:53.434Z,Bybit,option,BTC-26SEP25-95000-P,
2025-05-28T09:06:53.434Z,Bybit,option,BTC-26SEP25-95000-C,
2025-05-28T09:06:53.434Z,Bybit,option,BTC-26SEP25-85000-P,
2025-05-28T09:06:53.434Z,Bybit,option,BTC-26SEP25-85000-C,
2025-05-28T09:06:53.434Z,Bybit,option,BTC-26SEP25-130000-P,
2025-05-28T09:06:53.434Z,Bybit,option,BTC-26SEP25-130000-C,
2025-05-28T09:06:53.434Z,Bybit,option,BTC-26SEP25-160000-P,
2025-05-28T09:06:53.434Z,Bybit,option,BTC-26SEP25-160000-C,
2025-05-28T09:06:53.434Z,Bybit,option,BTC-26SEP25-100000-P,
2025-05-28T09:06:53.434Z,Bybit,option,BTC-26SEP25-100000-C,
2025-05-28T09:06:53.434Z,Bybit,option,BTC-26SEP25-140000-P,
2025-05-28T09:06:53.434Z,Bybit,option,BTC-26SEP25-140000-C,
2025-05-28T09:06:53.434Z,Bybit,option,BTC-26SEP25-180000-P,
2025-05-28T09:06:53.434Z,Bybit,option,BTC-26SEP25-180000-C,
2025-05-28T09:06:53.434Z,Bybit,option,BTC-26SEP25-350000-P,
2025-05-28T09:06:53.434Z,Bybit,option,BTC-26SEP25-350000-C,
2025-05-28T09:06:53.434Z,Bybit,option,BTC-26SEP25-300000-P,
2025-05-28T09:06:53.434Z,Bybit,option,BTC-26SEP25-300000-C,
2025-05-28T09:06:53.434Z,Bybit,option,BTC-26SEP25-250000-P,
2025-05-28T09:06:53.434Z,Bybit,option,BTC-26SEP25-250000-C,
2025-05-28T09:06:53.434Z,Bybit,option,BTC-26SEP25-200000-P,
2025-05-28T09:06:53.434Z,Bybit,option,BTC-26SEP25-200000-C,
2025-05-28T09:06:53.434Z,Bybit,option,BTC-26SEP25-150000-P,
2025-05-28T09:06:53.434Z,Bybit,option,BTC-26SEP25-150000-C,
2025-05-28T09:06:53.434Z,Bybit,option,BTC-26SEP25-120000-P,
2025-05-28T09:06:53.435Z,Bybit,option,BTC-26SEP25-120000-C,
2025-05-28T09:06:53.435Z,Bybit,option,BTC-26SEP25-110000-P,
2025-05-28T09:06:53.435Z,Bybit,option,BTC-26SEP25-110000-C,
2025-05-28T09:06:53.435Z,Bybit,option,BTC-26SEP25-90000-P,
2025-05-28T09:06:53.435Z,Bybit,option,BTC-26SEP25-90000-C,
2025-05-28T09:06:53.435Z,Bybit,option,BTC-26SEP25-80000-P,
2025-05-28T09:06:53.435Z,Bybit,option,BTC-26SEP25-80000-C,
2025-05-28T09:06:53.435Z,Bybit,option,BTC-26SEP25-70000-P,
2025-05-28T09:06:53.435Z,Bybit,option,BTC-26SEP25-70000-C,
2025-05-28T09:06:53.435Z,Bybit,option,BTC-26SEP25-60000-P,
2025-05-28T09:06:53.435Z,Bybit,option,BTC-26SEP25-60000-C,
2025-05-28T09:06:53.435Z,Bybit,option,BTC-26SEP25-40000-P,
2025-05-28T09:06:53.435Z,Bybit,option,BTC-26SEP25-40000-C,
2025-05-28T09:06:53.435Z,Bybit,option,BTC-26SEP25-20000-P,
2025-05-28T09:06:53.435Z,Bybit,option,BTC-26SEP25-20000-C,
2025-05-28T09:06:53.435Z,Bybit,option,BTC-25JUL25-154000-P-USDT,
2025-05-28T09:06:53.435Z,Bybit,option,BTC-25JUL25-154000-C-USDT,
2025-05-28T09:06:53.435Z,Bybit,option,BTC-25JUL25-152000-P-USDT,
2025-05-28T09:06:53.435Z,Bybit,option,BTC-25JUL25-152000-C-USDT,
2025-05-28T09:06:53.435Z,Bybit,option,BTC-25JUL25-135000-P-USDT,
2025-05-28T09:06:53.435Z,Bybit,option,BTC-25JUL25-135000-C-USDT,
2025-05-28T09:06:53.435Z,Bybit,option,BTC-25JUL25-125000-P-USDT,
2025-05-28T09:06:53.435Z,Bybit,option,BTC-25JUL25-125000-C-USDT,
2025-05-28T09:06:53.435Z,Bybit,option,BTC-25JUL25-120000-P-USDT,
2025-05-28T09:06:53.435Z,Bybit,option,BTC-25JUL25-120000-C-USDT,
2025-05-28T09:06:53.436Z,Bybit,option,BTC-25JUL25-110000-P-USDT,
2025-05-28T09:06:53.436Z,Bybit,option,BTC-25JUL25-110000-C-USDT,
2025-05-28T09:06:53.436Z,Bybit,option,BTC-25JUL25-148000-P-USDT,
2025-05-28T09:06:53.436Z,Bybit,option,BTC-25JUL25-148000-C-USDT,
2025-05-28T09:06:53.436Z,Bybit,option,BTC-25JUL25-142000-P-USDT,
2025-05-28T09:06:53.436Z,Bybit,option,BTC-25JUL25-142000-C-USDT,
2025-05-28T09:06:53.436Z,Bybit,option,BTC-25JUL25-140000-P-USDT,
2025-05-28T09:06:53.436Z,Bybit,option,BTC-25JUL25-140000-C-USDT,
2025-05-28T09:06:53.436Z,Bybit,option,BTC-25JUL25-138000-P-USDT,
2025-05-28T09:06:53.436Z,Bybit,option,BTC-25JUL25-138000-C-USDT,
2025-05-28T09:06:53.436Z,Bybit,option,BTC-25JUL25-136000-P-USDT,
2025-05-28T09:06:53.436Z,Bybit,option,BTC-25JUL25-136000-C-USDT,
2025-05-28T09:06:53.436Z,Bybit,option,BTC-25JUL25-134000-P-USDT,
2025-05-28T09:06:53.436Z,Bybit,option,BTC-25JUL25-134000-C-USDT,
2025-05-28T09:06:53.436Z,Bybit,option,BTC-25JUL25-132000-P-USDT,
2025-05-28T09:06:53.436Z,Bybit,option,BTC-25JUL25-132000-C-USDT,
2025-05-28T09:06:53.436Z,Bybit,option,BTC-25JUL25-130000-P-USDT,
2025-05-28T09:06:53.436Z,Bybit,option,BTC-25JUL25-130000-C-USDT,
2025-05-28T09:06:53.436Z,Bybit,option,BTC-25JUL25-128000-P-USDT,
2025-05-28T09:06:53.436Z,Bybit,option,BTC-25JUL25-128000-C-USDT,
2025-05-28T09:06:53.436Z,Bybit,option,BTC-25JUL25-126000-P-USDT,
2025-05-28T09:06:53.436Z,Bybit,option,BTC-25JUL25-126000-C-USDT,
2025-05-28T09:06:53.436Z,Bybit,option,BTC-25JUL25-124000-P-USDT,
2025-05-28T09:06:53.436Z,Bybit,option,BTC-25JUL25-124000-C-USDT,
2025-05-28T09:06:53.436Z,Bybit,option,BTC-25JUL25-123000-P-USDT,
2025-05-28T09:06:53.437Z,Bybit,option,BTC-25JUL25-123000-C-USDT,
2025-05-28T09:06:53.437Z,Bybit,option,BTC-25JUL25-121000-P-USDT,
2025-05-28T09:06:53.437Z,Bybit,option,BTC-25JUL25-121000-C-USDT,
2025-05-28T09:06:53.437Z,Bybit,option,BTC-25JUL25-119000-P-USDT,
2025-05-28T09:06:53.437Z,Bybit,option,BTC-25JUL25-119000-C-USDT,
2025-05-28T09:06:53.437Z,Bybit,option,BTC-25JUL25-117000-P-USDT,
2025-05-28T09:06:53.437Z,Bybit,option,BTC-25JUL25-117000-C-USDT,
2025-05-28T09:06:53.437Z,Bybit,option,BTC-25JUL25-115000-P-USDT,
2025-05-28T09:06:53.437Z,Bybit,option,BTC-25JUL25-115000-C-USDT,
2025-05-28T09:06:53.437Z,Bybit,option,BTC-25JUL25-113000-P-USDT,
2025-05-28T09:06:53.437Z,Bybit,option,BTC-25JUL25-113000-C-USDT,
2025-05-28T09:06:53.437Z,Bybit,option,BTC-25JUL25-111000-P-USDT,
2025-05-28T09:06:53.437Z,Bybit,option,BTC-25JUL25-111000-C-USDT,
2025-05-28T09:06:53.437Z,Bybit,option,BTC-25JUL25-109000-P-USDT,
2025-05-28T09:06:53.437Z,Bybit,option,BTC-25JUL25-109000-C-USDT,
2025-05-28T09:06:53.437Z,Bybit,option,BTC-25JUL25-108000-P-USDT,
2025-05-28T09:06:53.437Z,Bybit,option,BTC-25JUL25-108000-C-USDT,
2025-05-28T09:06:53.437Z,Bybit,option,BTC-25JUL25-107000-P-USDT,
2025-05-28T09:06:53.437Z,Bybit,option,BTC-25JUL25-107000-C-USDT,
2025-05-28T09:06:53.437Z,Bybit,option,BTC-25JUL25-106000-P-USDT,
2025-05-28T09:06:53.437Z,Bybit,option,BTC-25JUL25-106000-C-USDT,
2025-05-28T09:06:53.437Z,Bybit,option,BTC-25JUL25-105000-P-USDT,
2025-05-28T09:06:53.437Z,Bybit,option,BTC-25JUL25-105000-C-USDT,
2025-05-28T09:06:53.437Z,Bybit,option,BTC-25JUL25-104000-P-USDT,
2025-05-28T09:06:53.437Z,Bybit,option,BTC-25JUL25-104000-C-USDT,
2025-05-28T09:06:53.438Z,Bybit,option,BTC-25JUL25-103000-P-USDT,
2025-05-28T09:06:53.438Z,Bybit,option,BTC-25JUL25-103000-C-USDT,
2025-05-28T09:06:53.438Z,Bybit,option,BTC-25JUL25-102000-P-USDT,
2025-05-28T09:06:53.438Z,Bybit,option,BTC-25JUL25-102000-C-USDT,
2025-05-28T09:06:53.438Z,Bybit,option,BTC-25JUL25-101000-P-USDT,
2025-05-28T09:06:53.438Z,Bybit,option,BTC-25JUL25-101000-C-USDT,
2025-05-28T09:06:53.438Z,Bybit,option,BTC-25JUL25-100000-P-USDT,
2025-05-28T09:06:53.438Z,Bybit,option,BTC-25JUL25-100000-C-USDT,
2025-05-28T09:06:53.438Z,Bybit,option,BTC-25JUL25-99000-P-USDT,
2025-05-28T09:06:53.438Z,Bybit,option,BTC-25JUL25-99000-C-USDT,
2025-05-28T09:06:53.438Z,Bybit,option,BTC-25JUL25-98000-P-USDT,
2025-05-28T09:06:53.438Z,Bybit,option,BTC-25JUL25-98000-C-USDT,
2025-05-28T09:06:53.438Z,Bybit,option,BTC-25JUL25-97000-P-USDT,
2025-05-28T09:06:53.438Z,Bybit,option,BTC-25JUL25-97000-C-USDT,
2025-05-28T09:06:53.438Z,Bybit,option,BTC-25JUL25-96000-P-USDT,
2025-05-28T09:06:53.438Z,Bybit,option,BTC-25JUL25-96000-C-USDT,
2025-05-28T09:06:53.438Z,Bybit,option,BTC-25JUL25-94000-P-USDT,
2025-05-28T09:06:53.438Z,Bybit,option,BTC-25JUL25-94000-C-USDT,
2025-05-28T09:06:53.438Z,Bybit,option,BTC-25JUL25-92000-P-USDT,
2025-05-28T09:06:53.438Z,Bybit,option,BTC-25JUL25-92000-C-USDT,
2025-05-28T09:06:53.438Z,Bybit,option,BTC-25JUL25-90000-P-USDT,
2025-05-28T09:06:53.438Z,Bybit,option,BTC-25JUL25-90000-C-USDT,
2025-05-28T09:06:53.439Z,Bybit,option,BTC-25JUL25-88000-P-USDT,
2025-05-28T09:06:53.439Z,Bybit,option,BTC-25JUL25-88000-C-USDT,
2025-05-28T09:06:53.439Z,Bybit,option,BTC-25JUL25-86000-P-USDT,
2025-05-28T09:06:53.439Z,Bybit,option,BTC-25JUL25-86000-C-USDT,
2025-05-28T09:06:53.439Z,Bybit,option,BTC-25JUL25-84000-P-USDT,
2025-05-28T09:06:53.439Z,Bybit,option,BTC-25JUL25-84000-C-USDT,
2025-05-28T09:06:53.439Z,Bybit,option,BTC-25JUL25-82000-P-USDT,
2025-05-28T09:06:53.439Z,Bybit,option,BTC-25JUL25-82000-C-USDT,
2025-05-28T09:06:53.439Z,Bybit,option,BTC-25JUL25-80000-P-USDT,
2025-05-28T09:06:53.439Z,Bybit,option,BTC-25JUL25-80000-C-USDT,
2025-05-28T09:06:53.439Z,Bybit,option,BTC-25JUL25-78000-P-USDT,
2025-05-28T09:06:53.439Z,Bybit,option,BTC-25JUL25-78000-C-USDT,
2025-05-28T09:06:53.439Z,Bybit,option,BTC-25JUL25-76000-P-USDT,
2025-05-28T09:06:53.439Z,Bybit,option,BTC-25JUL25-76000-C-USDT,
2025-05-28T09:06:53.439Z,Bybit,option,BTC-25JUL25-74000-P-USDT,
2025-05-28T09:06:53.439Z,Bybit,option,BTC-25JUL25-74000-C-USDT,
2025-05-28T09:06:53.439Z,Bybit,option,BTC-25JUL25-72000-P-USDT,
2025-05-28T09:06:53.439Z,Bybit,option,BTC-25JUL25-72000-C-USDT,
2025-05-28T09:06:53.439Z,Bybit,option,BTC-27JUN25-124000-P,
2025-05-28T09:06:53.440Z,Bybit,option,BTC-27JUN25-124000-C,
2025-05-28T09:06:53.440Z,Bybit,option,BTC-27JUN25-135000-P-USDT,
2025-05-28T09:06:53.440Z,Bybit,option,BTC-27JUN25-135000-C-USDT,
2025-05-28T09:06:53.440Z,Bybit,option,BTC-27JUN25-125000-P-USDT,
2025-05-28T09:06:53.440Z,Bybit,option,BTC-27JUN25-125000-C-USDT,
2025-05-28T09:06:53.440Z,Bybit,option,BTC-27JUN25-126000-P,
2025-05-28T09:06:53.440Z,Bybit,option,BTC-27JUN25-126000-C,
2025-05-28T09:06:53.440Z,Bybit,option,BTC-27JUN25-98000-P,
2025-05-28T09:06:53.440Z,Bybit,option,BTC-27JUN25-98000-C,
2025-05-28T09:06:53.440Z,Bybit,option,BTC-27JUN25-105000-P,
2025-05-28T09:06:53.440Z,Bybit,option,BTC-27JUN25-105000-C,
2025-05-28T09:06:53.440Z,Bybit,option,BTC-27JUN25-113000-P,
2025-05-28T09:06:53.441Z,Bybit,option,BTC-27JUN25-113000-C,
2025-05-28T09:06:53.441Z,Bybit,option,BTC-27JUN25-115000-P-USDT,
2025-05-28T09:06:53.441Z,Bybit,option,BTC-27JUN25-115000-C-USDT,
2025-05-28T09:06:53.441Z,Bybit,option,BTC-27JUN25-128000-P,
2025-05-28T09:06:53.441Z,Bybit,option,BTC-27JUN25-128000-C,
2025-05-28T09:06:53.441Z,Bybit,option,BTC-27JUN25-115000-P,
2025-05-28T09:06:53.441Z,Bybit,option,BTC-27JUN25-115000-C,
2025-05-28T09:06:53.441Z,Bybit,option,BTC-27JUN25-106000-P,
2025-05-28T09:06:53.441Z,Bybit,option,BTC-27JUN25-106000-C,
2025-05-28T09:06:53.441Z,Bybit,option,BTC-27JUN25-58000-P,
2025-05-28T09:06:53.441Z,Bybit,option,BTC-27JUN25-58000-C,
2025-05-28T09:06:53.441Z,Bybit,option,BTC-27JUN25-74000-P,
2025-05-28T09:06:53.442Z,Bybit,option,BTC-27JUN25-74000-C,
2025-05-28T09:06:53.442Z,Bybit,option,BTC-27JUN25-79000-P,
2025-05-28T09:06:53.442Z,Bybit,option,BTC-27JUN25-79000-C,
2025-05-28T09:06:53.442Z,Bybit,option,BTC-27JUN25-350000-P-USDT,
2025-05-28T09:06:53.442Z,Bybit,option,BTC-27JUN25-350000-C-USDT,
2025-05-28T09:06:53.442Z,Bybit,option,BTC-27JUN25-300000-P-USDT,
2025-05-28T09:06:53.442Z,Bybit,option,BTC-27JUN25-300000-C-USDT,
2025-05-28T09:06:53.442Z,Bybit,option,BTC-27JUN25-250000-P-USDT,
2025-05-28T09:06:53.442Z,Bybit,option,BTC-27JUN25-250000-C-USDT,
2025-05-28T09:06:53.442Z,Bybit,option,BTC-27JUN25-200000-P-USDT,
2025-05-28T09:06:53.442Z,Bybit,option,BTC-27JUN25-200000-C-USDT,
2025-05-28T09:06:53.442Z,Bybit,option,BTC-27JUN25-180000-P-USDT,
2025-05-28T09:06:53.442Z,Bybit,option,BTC-27JUN25-180000-C-USDT,
2025-05-28T09:06:53.443Z,Bybit,option,BTC-27JUN25-160000-P-USDT,
2025-05-28T09:06:53.443Z,Bybit,option,BTC-27JUN25-160000-C-USDT,
2025-05-28T09:06:53.443Z,Bybit,option,BTC-27JUN25-150000-P-USDT,
2025-05-28T09:06:53.443Z,Bybit,option,BTC-27JUN25-150000-C-USDT,
2025-05-28T09:06:53.443Z,Bybit,option,BTC-27JUN25-140000-P-USDT,
2025-05-28T09:06:53.443Z,Bybit,option,BTC-27JUN25-140000-C-USDT,
2025-05-28T09:06:53.443Z,Bybit,option,BTC-27JUN25-110000-P-USDT,
2025-05-28T09:06:53.443Z,Bybit,option,BTC-27JUN25-110000-C-USDT,
2025-05-28T09:06:53.443Z,Bybit,option,BTC-27JUN25-108000-P-USDT,
2025-05-28T09:06:53.443Z,Bybit,option,BTC-27JUN25-108000-C-USDT,
2025-05-28T09:06:53.443Z,Bybit,option,BTC-27JUN25-102000-P-USDT,
2025-05-28T09:06:53.443Z,Bybit,option,BTC-27JUN25-102000-C-USDT,
2025-05-28T09:06:53.443Z,Bybit,option,BTC-27JUN25-100000-P-USDT,
2025-05-28T09:06:53.444Z,Bybit,option,BTC-27JUN25-100000-C-USDT,
2025-05-28T09:06:53.444Z,Bybit,option,BTC-27JUN25-96000-P-USDT,
2025-05-28T09:06:53.444Z,Bybit,option,BTC-27JUN25-96000-C-USDT,
2025-05-28T09:06:53.444Z,Bybit,option,BTC-27JUN25-75000-P-USDT,
2025-05-28T09:06:53.444Z,Bybit,option,BTC-27JUN25-75000-C-USDT,
2025-05-28T09:06:53.444Z,Bybit,option,BTC-27JUN25-65000-P-USDT,
2025-05-28T09:06:53.444Z,Bybit,option,BTC-27JUN25-65000-C-USDT,
2025-05-28T09:06:53.444Z,Bybit,option,BTC-27JUN25-50000-P-USDT,
2025-05-28T09:06:53.444Z,Bybit,option,BTC-27JUN25-50000-C-USDT,
2025-05-28T09:06:53.444Z,Bybit,option,BTC-27JUN25-40000-P-USDT,
2025-05-28T09:06:53.444Z,Bybit,option,BTC-27JUN25-40000-C-USDT,
2025-05-28T09:06:53.444Z,Bybit,option,BTC-27JUN25-20000-P-USDT,
2025-05-28T09:06:53.444Z,Bybit,option,BTC-27JUN25-20000-C-USDT,
2025-05-28T09:06:53.445Z,Bybit,option,BTC-27JUN25-132000-P-USDT,
2025-05-28T09:06:53.445Z,Bybit,option,BTC-27JUN25-132000-C-USDT,
2025-05-28T09:06:53.445Z,Bybit,option,BTC-27JUN25-130000-P-USDT,
2025-05-28T09:06:53.445Z,Bybit,option,BTC-27JUN25-130000-C-USDT,
2025-05-28T09:06:53.445Z,Bybit,option,BTC-27JUN25-128000-P-USDT,
2025-05-28T09:06:53.445Z,Bybit,option,BTC-27JUN25-128000-C-USDT,
2025-05-28T09:06:53.445Z,Bybit,option,BTC-27JUN25-126000-P-USDT,
2025-05-28T09:06:53.445Z,Bybit,option,BTC-27JUN25-126000-C-USDT,
2025-05-28T09:06:53.445Z,Bybit,option,BTC-27JUN25-124000-P-USDT,
2025-05-28T09:06:53.445Z,Bybit,option,BTC-27JUN25-124000-C-USDT,
2025-05-28T09:06:53.445Z,Bybit,option,BTC-27JUN25-122000-P-USDT,
2025-05-28T09:06:53.445Z,Bybit,option,BTC-27JUN25-122000-C-USDT,
2025-05-28T09:06:53.445Z,Bybit,option,BTC-27JUN25-120000-P-USDT,
2025-05-28T09:06:53.446Z,Bybit,option,BTC-27JUN25-120000-C-USDT,
2025-05-28T09:06:53.446Z,Bybit,option,BTC-27JUN25-118000-P-USDT,
2025-05-28T09:06:53.446Z,Bybit,option,BTC-27JUN25-118000-C-USDT,
2025-05-28T09:06:53.446Z,Bybit,option,BTC-27JUN25-116000-P-USDT,
2025-05-28T09:06:53.446Z,Bybit,option,BTC-27JUN25-116000-C-USDT,
2025-05-28T09:06:53.446Z,Bybit,option,BTC-27JUN25-114000-P-USDT,
2025-05-28T09:06:53.446Z,Bybit,option,BTC-27JUN25-114000-C-USDT,
2025-05-28T09:06:53.446Z,Bybit,option,BTC-27JUN25-112000-P-USDT,
2025-05-28T09:06:53.446Z,Bybit,option,BTC-27JUN25-112000-C-USDT,
2025-05-28T09:06:53.446Z,Bybit,option,BTC-27JUN25-111000-P-USDT,
2025-05-28T09:06:53.446Z,Bybit,option,BTC-27JUN25-111000-C-USDT,
2025-05-28T09:06:53.446Z,Bybit,option,BTC-27JUN25-109000-P-USDT,
2025-05-28T09:06:53.446Z,Bybit,option,BTC-27JUN25-109000-C-USDT,
2025-05-28T09:06:53.447Z,Bybit,option,BTC-27JUN25-107000-P-USDT,
2025-05-28T09:06:53.447Z,Bybit,option,BTC-27JUN25-107000-C-USDT,
2025-05-28T09:06:53.447Z,Bybit,option,BTC-27JUN25-105000-P-USDT,
2025-05-28T09:06:53.447Z,Bybit,option,BTC-27JUN25-105000-C-USDT,
2025-05-28T09:06:53.447Z,Bybit,option,BTC-27JUN25-103000-P-USDT,
2025-05-28T09:06:53.447Z,Bybit,option,BTC-27JUN25-103000-C-USDT,
2025-05-28T09:06:53.447Z,Bybit,option,BTC-27JUN25-101000-P-USDT,
2025-05-28T09:06:53.447Z,Bybit,option,BTC-27JUN25-101000-C-USDT,
2025-05-28T09:06:53.447Z,Bybit,option,BTC-27JUN25-99000-P-USDT,
2025-05-28T09:06:53.447Z,Bybit,option,BTC-27JUN25-99000-C-USDT,
2025-05-28T09:06:53.447Z,Bybit,option,BTC-27JUN25-97000-P-USDT,
2025-05-28T09:06:53.447Z,Bybit,option,BTC-27JUN25-97000-C-USDT,
2025-05-28T09:06:53.447Z,Bybit,option,BTC-27JUN25-95000-P-USDT,
2025-05-28T09:06:53.447Z,Bybit,option,BTC-27JUN25-95000-C-USDT,
2025-05-28T09:06:53.448Z,Bybit,option,BTC-27JUN25-94000-P-USDT,
2025-05-28T09:06:53.448Z,Bybit,option,BTC-27JUN25-94000-C-USDT,
2025-05-28T09:06:53.448Z,Bybit,option,BTC-27JUN25-93000-P-USDT,
2025-05-28T09:06:53.448Z,Bybit,option,BTC-27JUN25-93000-C-USDT,
2025-05-28T09:06:53.448Z,Bybit,option,BTC-27JUN25-92000-P-USDT,
2025-05-28T09:06:53.448Z,Bybit,option,BTC-27JUN25-92000-C-USDT,
2025-05-28T09:06:53.448Z,Bybit,option,BTC-27JUN25-91000-P-USDT,
2025-05-28T09:06:53.448Z,Bybit,option,BTC-27JUN25-91000-C-USDT,
2025-05-28T09:06:53.448Z,Bybit,option,BTC-27JUN25-90000-P-USDT,
2025-05-28T09:06:53.448Z,Bybit,option,BTC-27JUN25-90000-C-USDT,
2025-05-28T09:06:53.448Z,Bybit,option,BTC-27JUN25-89000-P-USDT,
2025-05-28T09:06:53.448Z,Bybit,option,BTC-27JUN25-89000-C-USDT,
2025-05-28T09:06:53.448Z,Bybit,option,BTC-27JUN25-88000-P-USDT,
2025-05-28T09:06:53.449Z,Bybit,option,BTC-27JUN25-88000-C-USDT,
2025-05-28T09:06:53.449Z,Bybit,option,BTC-27JUN25-87000-P-USDT,
2025-05-28T09:06:53.449Z,Bybit,option,BTC-27JUN25-87000-C-USDT,
2025-05-28T09:06:53.449Z,Bybit,option,BTC-27JUN25-86000-P-USDT,
2025-05-28T09:06:53.449Z,Bybit,option,BTC-27JUN25-86000-C-USDT,
2025-05-28T09:06:53.449Z,Bybit,option,BTC-27JUN25-85000-P-USDT,
2025-05-28T09:06:53.449Z,Bybit,option,BTC-27JUN25-85000-C-USDT,
2025-05-28T09:06:53.449Z,Bybit,option,BTC-27JUN25-84000-P-USDT,
2025-05-28T09:06:53.449Z,Bybit,option,BTC-27JUN25-84000-C-USDT,
2025-05-28T09:06:53.449Z,Bybit,option,BTC-27JUN25-83000-P-USDT,
2025-05-28T09:06:53.449Z,Bybit,option,BTC-27JUN25-83000-C-USDT,
2025-05-28T09:06:53.449Z,Bybit,option,BTC-27JUN25-82000-P-USDT,
2025-05-28T09:06:53.449Z,Bybit,option,BTC-27JUN25-82000-C-USDT,
2025-05-28T09:06:53.449Z,Bybit,option,BTC-27JUN25-80000-P-USDT,
2025-05-28T09:06:53.450Z,Bybit,option,BTC-27JUN25-80000-C-USDT,
2025-05-28T09:06:53.450Z,Bybit,option,BTC-27JUN25-78000-P-USDT,
2025-05-28T09:06:53.450Z,Bybit,option,BTC-27JUN25-78000-C-USDT,
2025-05-28T09:06:53.450Z,Bybit,option,BTC-27JUN25-76000-P-USDT,
2025-05-28T09:06:53.450Z,Bybit,option,BTC-27JUN25-76000-C-USDT,
2025-05-28T09:06:53.450Z,Bybit,option,BTC-27JUN25-74000-P-USDT,
2025-05-28T09:06:53.450Z,Bybit,option,BTC-27JUN25-74000-C-USDT,
2025-05-28T09:06:53.450Z,Bybit,option,BTC-27JUN25-72000-P-USDT,
2025-05-28T09:06:53.450Z,Bybit,option,BTC-27JUN25-72000-C-USDT,
2025-05-28T09:06:53.450Z,Bybit,option,BTC-27JUN25-70000-P-USDT,
2025-05-28T09:06:53.450Z,Bybit,option,BTC-27JUN25-70000-C-USDT,
2025-05-28T09:06:53.450Z,Bybit,option,BTC-27JUN25-68000-P-USDT,
2025-05-28T09:06:53.451Z,Bybit,option,BTC-27JUN25-68000-C-USDT,
2025-05-28T09:06:53.451Z,Bybit,option,BTC-27JUN25-66000-P-USDT,
2025-05-28T09:06:53.451Z,Bybit,option,BTC-27JUN25-66000-C-USDT,
2025-05-28T09:06:53.451Z,Bybit,option,BTC-27JUN25-64000-P-USDT,
2025-05-28T09:06:53.451Z,Bybit,option,BTC-27JUN25-64000-C-USDT,
2025-05-28T09:06:53.451Z,Bybit,option,BTC-27JUN25-62000-P-USDT,
2025-05-28T09:06:53.451Z,Bybit,option,BTC-27JUN25-62000-C-USDT,
2025-05-28T09:06:53.451Z,Bybit,option,BTC-27JUN25-60000-P-USDT,
2025-05-28T09:06:53.451Z,Bybit,option,BTC-27JUN25-60000-C-USDT,
2025-05-28T09:06:53.451Z,Bybit,option,BTC-27JUN25-58000-P-USDT,
2025-05-28T09:06:53.451Z,Bybit,option,BTC-27JUN25-58000-C-USDT,
2025-05-28T09:06:53.451Z,Bybit,option,BTC-27JUN25-56000-P-USDT,
2025-05-28T09:06:53.452Z,Bybit,option,BTC-27JUN25-56000-C-USDT,
2025-05-28T09:06:53.452Z,Bybit,option,BTC-27JUN25-92000-P,
2025-05-28T09:06:53.452Z,Bybit,option,BTC-27JUN25-92000-C,
2025-05-28T09:06:53.452Z,Bybit,option,BTC-27JUN25-102000-P,
2025-05-28T09:06:53.452Z,Bybit,option,BTC-27JUN25-102000-C,
2025-05-28T09:06:53.452Z,Bybit,option,BTC-27JUN25-84000-P,
2025-05-28T09:06:53.452Z,Bybit,option,BTC-27JUN25-84000-C,
2025-05-28T09:06:53.452Z,Bybit,option,BTC-27JUN25-88000-P,
2025-05-28T09:06:53.452Z,Bybit,option,BTC-27JUN25-88000-C,
2025-05-28T09:06:53.452Z,Bybit,option,BTC-27JUN25-116000-P,
2025-05-28T09:06:53.452Z,Bybit,option,BTC-27JUN25-116000-C,
